Trust,LAD19CD,Code,Status
AIREDALE NHS FOUNDATION TRUST,E08000032,RCF,Open
AIREDALE NHS FOUNDATION TRUST,E07000163,RCF,Open
ALDER HEY CHILDREN'S NHS FOUNDATION TRUST,E08000012,RBS,Open
ASHFORD AND ST PETER'S HOSPITALS NHS FOUNDATION TRUST,E07000213,RTK,Open
ASHFORD AND ST PETER'S HOSPITALS NHS FOUNDATION TRUST,E07000210,RTK,Open
ASHFORD AND ST PETER'S HOSPITALS NHS FOUNDATION TRUST,E07000208,RTK,Open
ASHFORD AND ST PETER'S HOSPITALS NHS FOUNDATION TRUST,E07000216,RTK,Open
ASHFORD AND ST PETER'S HOSPITALS NHS FOUNDATION TRUST,E07000209,RTK,Open
ASHFORD AND ST PETER'S HOSPITALS NHS FOUNDATION TRUST,E06000060,RTK,Open
ASHFORD AND ST PETER'S HOSPITALS NHS FOUNDATION TRUST,E07000212,RTK,Open
ASHFORD AND ST PETER'S HOSPITALS NHS FOUNDATION TRUST,E09000027,RTK,Open
ASHFORD AND ST PETER'S HOSPITALS NHS FOUNDATION TRUST,E09000033,RTK,Open
ASHFORD AND ST PETER'S HOSPITALS NHS FOUNDATION TRUST,E07000217,RTK,Open
"BARKING, HAVERING AND REDBRIDGE UNIVERSITY HOSPITALS NHS TRUST",E09000002,RF4,Open
"BARKING, HAVERING AND REDBRIDGE UNIVERSITY HOSPITALS NHS TRUST",E07000066,RF4,Open
"BARKING, HAVERING AND REDBRIDGE UNIVERSITY HOSPITALS NHS TRUST",E09000026,RF4,Open
"BARKING, HAVERING AND REDBRIDGE UNIVERSITY HOSPITALS NHS TRUST",E07000068,RF4,Open
"BARKING, HAVERING AND REDBRIDGE UNIVERSITY HOSPITALS NHS TRUST",E09000016,RF4,Open
"BARKING, HAVERING AND REDBRIDGE UNIVERSITY HOSPITALS NHS TRUST",E06000033,RF4,Open
"BARKING, HAVERING AND REDBRIDGE UNIVERSITY HOSPITALS NHS TRUST",E07000070,RF4,Open
"BARKING, HAVERING AND REDBRIDGE UNIVERSITY HOSPITALS NHS TRUST",E09000010,RF4,Open
"BARKING, HAVERING AND REDBRIDGE UNIVERSITY HOSPITALS NHS TRUST",E09000033,RF4,Open
BARNSLEY HOSPITAL NHS FOUNDATION TRUST,E08000016,RFF,Open
BARTS HEALTH NHS TRUST,E09000025,R1H,Open
BARTS HEALTH NHS TRUST,E09000030,R1H,Open
BARTS HEALTH NHS TRUST,E09000001,R1H,Open
BARTS HEALTH NHS TRUST,E09000026,R1H,Open
BARTS HEALTH NHS TRUST,E09000031,R1H,Open
BEDFORD HOSPITAL NHS TRUST,E06000055,RC1,Closed
BEDFORD HOSPITAL NHS TRUST,E06000032,RC1,Closed
BIRMINGHAM WOMEN'S AND CHILDREN'S NHS FOUNDATION TRUST,E08000025,RQ3,Open
BLACKPOOL TEACHING HOSPITALS NHS FOUNDATION TRUST,E06000008,RXL,Open
BLACKPOOL TEACHING HOSPITALS NHS FOUNDATION TRUST,E06000009,RXL,Open
BLACKPOOL TEACHING HOSPITALS NHS FOUNDATION TRUST,E07000117,RXL,Open
BLACKPOOL TEACHING HOSPITALS NHS FOUNDATION TRUST,E07000118,RXL,Open
BLACKPOOL TEACHING HOSPITALS NHS FOUNDATION TRUST,E07000119,RXL,Open
BLACKPOOL TEACHING HOSPITALS NHS FOUNDATION TRUST,E07000128,RXL,Open
BLACKPOOL TEACHING HOSPITALS NHS FOUNDATION TRUST,E07000121,RXL,Open
BLACKPOOL TEACHING HOSPITALS NHS FOUNDATION TRUST,E07000123,RXL,Open
BOLTON NHS FOUNDATION TRUST,E06000008,RMC,Open
BOLTON NHS FOUNDATION TRUST,E08000001,RMC,Open
BOLTON NHS FOUNDATION TRUST,E08000010,RMC,Open
BOLTON NHS FOUNDATION TRUST,E07000127,RMC,Open
BRADFORD TEACHING HOSPITALS NHS FOUNDATION TRUST,E08000032,RAE,Open
BRADFORD TEACHING HOSPITALS NHS FOUNDATION TRUST,E08000035,RAE,Open
BRADFORD TEACHING HOSPITALS NHS FOUNDATION TRUST,E08000034,RAE,Open
BRADFORD TEACHING HOSPITALS NHS FOUNDATION TRUST,E08000036,RAE,Open
BRADFORD TEACHING HOSPITALS NHS FOUNDATION TRUST,E08000019,RAE,Open
BRIGHTON AND SUSSEX UNIVERSITY HOSPITALS NHS TRUST,E07000064,RXH,Open
BRIGHTON AND SUSSEX UNIVERSITY HOSPITALS NHS TRUST,E06000043,RXH,Open
BRIGHTON AND SUSSEX UNIVERSITY HOSPITALS NHS TRUST,E07000062,RXH,Open
BRIGHTON AND SUSSEX UNIVERSITY HOSPITALS NHS TRUST,E07000226,RXH,Open
BRIGHTON AND SUSSEX UNIVERSITY HOSPITALS NHS TRUST,E07000061,RXH,Open
BRIGHTON AND SUSSEX UNIVERSITY HOSPITALS NHS TRUST,E07000227,RXH,Open
BRIGHTON AND SUSSEX UNIVERSITY HOSPITALS NHS TRUST,E07000228,RXH,Open
BRIGHTON AND SUSSEX UNIVERSITY HOSPITALS NHS TRUST,E07000065,RXH,Open
BRIGHTON AND SUSSEX UNIVERSITY HOSPITALS NHS TRUST,E07000229,RXH,Open
BUCKINGHAMSHIRE HEALTHCARE NHS TRUST,E06000060,RXQ,Open
BUCKINGHAMSHIRE HEALTHCARE NHS TRUST,E06000040,RXQ,Open
BUCKINGHAMSHIRE HEALTHCARE NHS TRUST,E07000179,RXQ,Open
BURTON HOSPITALS NHS FOUNDATION TRUST,E07000194,RJF,Closed
CALDERDALE AND HUDDERSFIELD NHS FOUNDATION TRUST,E08000033,RWY,Open
CALDERDALE AND HUDDERSFIELD NHS FOUNDATION TRUST,E08000034,RWY,Open
CALDERDALE AND HUDDERSFIELD NHS FOUNDATION TRUST,E08000032,RWY,Open
CALDERDALE AND HUDDERSFIELD NHS FOUNDATION TRUST,E08000036,RWY,Open
CALDERDALE AND HUDDERSFIELD NHS FOUNDATION TRUST,E07000163,RWY,Open
CAMBRIDGE UNIVERSITY HOSPITALS NHS FOUNDATION TRUST,E07000008,RGT,Open
CAMBRIDGE UNIVERSITY HOSPITALS NHS FOUNDATION TRUST,E07000073,RGT,Open
CAMBRIDGE UNIVERSITY HOSPITALS NHS FOUNDATION TRUST,E07000245,RGT,Open
CAMBRIDGE UNIVERSITY HOSPITALS NHS FOUNDATION TRUST,E07000066,RGT,Open
CAMBRIDGE UNIVERSITY HOSPITALS NHS FOUNDATION TRUST,E07000145,RGT,Open
CAMBRIDGE UNIVERSITY HOSPITALS NHS FOUNDATION TRUST,E06000016,RGT,Open
CAMBRIDGE UNIVERSITY HOSPITALS NHS FOUNDATION TRUST,E06000042,RGT,Open
CAMBRIDGE UNIVERSITY HOSPITALS NHS FOUNDATION TRUST,E07000010,RGT,Open
CAMBRIDGE UNIVERSITY HOSPITALS NHS FOUNDATION TRUST,E06000018,RGT,Open
CAMBRIDGE UNIVERSITY HOSPITALS NHS FOUNDATION TRUST,E06000034,RGT,Open
CAMBRIDGE UNIVERSITY HOSPITALS NHS FOUNDATION TRUST,E07000011,RGT,Open
CAMBRIDGE UNIVERSITY HOSPITALS NHS FOUNDATION TRUST,E07000202,RGT,Open
CAMBRIDGE UNIVERSITY HOSPITALS NHS FOUNDATION TRUST,L99999999,RGT,Open
CAMBRIDGE UNIVERSITY HOSPITALS NHS FOUNDATION TRUST,E07000243,RGT,Open
CAMBRIDGE UNIVERSITY HOSPITALS NHS FOUNDATION TRUST,E06000032,RGT,Open
CAMBRIDGE UNIVERSITY HOSPITALS NHS FOUNDATION TRUST,E07000149,RGT,Open
CAMBRIDGE UNIVERSITY HOSPITALS NHS FOUNDATION TRUST,E07000178,RGT,Open
CAMBRIDGE UNIVERSITY HOSPITALS NHS FOUNDATION TRUST,E06000031,RGT,Open
CAMBRIDGE UNIVERSITY HOSPITALS NHS FOUNDATION TRUST,E07000146,RGT,Open
CAMBRIDGE UNIVERSITY HOSPITALS NHS FOUNDATION TRUST,E07000242,RGT,Open
CAMBRIDGE UNIVERSITY HOSPITALS NHS FOUNDATION TRUST,E07000099,RGT,Open
CAMBRIDGE UNIVERSITY HOSPITALS NHS FOUNDATION TRUST,E07000077,RGT,Open
CAMBRIDGE UNIVERSITY HOSPITALS NHS FOUNDATION TRUST,E07000012,RGT,Open
CAMBRIDGE UNIVERSITY HOSPITALS NHS FOUNDATION TRUST,E06000045,RGT,Open
CHELSEA AND WESTMINSTER HOSPITAL NHS FOUNDATION TRUST,E09000020,RQM,Open
CHELSEA AND WESTMINSTER HOSPITAL NHS FOUNDATION TRUST,E09000018,RQM,Open
CHESTERFIELD ROYAL HOSPITAL NHS FOUNDATION TRUST,E07000037,RFS,Open
CHESTERFIELD ROYAL HOSPITAL NHS FOUNDATION TRUST,E07000034,RFS,Open
CITY HOSPITALS SUNDERLAND NHS FOUNDATION TRUST,E06000047,RLN,Closed
CITY HOSPITALS SUNDERLAND NHS FOUNDATION TRUST,E08000022,RLN,Closed
CITY HOSPITALS SUNDERLAND NHS FOUNDATION TRUST,E08000024,RLN,Closed
CITY HOSPITALS SUNDERLAND NHS FOUNDATION TRUST,E08000023,RLN,Closed
CITY HOSPITALS SUNDERLAND NHS FOUNDATION TRUST,E06000001,RLN,Closed
COUNTESS OF CHESTER HOSPITAL NHS FOUNDATION TRUST,E06000050,RJR,Open
COUNTESS OF CHESTER HOSPITAL NHS FOUNDATION TRUST,E06000006,RJR,Open
COUNTESS OF CHESTER HOSPITAL NHS FOUNDATION TRUST,E08000015,RJR,Open
COUNTY DURHAM AND DARLINGTON NHS FOUNDATION TRUST,E06000047,RXP,Open
COUNTY DURHAM AND DARLINGTON NHS FOUNDATION TRUST,E06000005,RXP,Open
COUNTY DURHAM AND DARLINGTON NHS FOUNDATION TRUST,E07000166,RXP,Open
COUNTY DURHAM AND DARLINGTON NHS FOUNDATION TRUST,E08000023,RXP,Open
COUNTY DURHAM AND DARLINGTON NHS FOUNDATION TRUST,E08000037,RXP,Open
COUNTY DURHAM AND DARLINGTON NHS FOUNDATION TRUST,E08000024,RXP,Open
COUNTY DURHAM AND DARLINGTON NHS FOUNDATION TRUST,E06000004,RXP,Open
CROYDON HEALTH SERVICES NHS TRUST,E09000008,RJ6,Open
DARTFORD AND GRAVESHAM NHS TRUST,E09000023,RN7,Open
DARTFORD AND GRAVESHAM NHS TRUST,E09000006,RN7,Open
DARTFORD AND GRAVESHAM NHS TRUST,E07000107,RN7,Open
DARTFORD AND GRAVESHAM NHS TRUST,E09000004,RN7,Open
DARTFORD AND GRAVESHAM NHS TRUST,E07000111,RN7,Open
DARTFORD AND GRAVESHAM NHS TRUST,E07000109,RN7,Open
DARTFORD AND GRAVESHAM NHS TRUST,E07000116,RN7,Open
DARTFORD AND GRAVESHAM NHS TRUST,E07000110,RN7,Open
DONCASTER AND BASSETLAW TEACHING HOSPITALS NHS FOUNDATION TRUST,E08000016,RP5,Open
DONCASTER AND BASSETLAW TEACHING HOSPITALS NHS FOUNDATION TRUST,E07000171,RP5,Open
DONCASTER AND BASSETLAW TEACHING HOSPITALS NHS FOUNDATION TRUST,E08000017,RP5,Open
DONCASTER AND BASSETLAW TEACHING HOSPITALS NHS FOUNDATION TRUST,E08000018,RP5,Open
DORSET COUNTY HOSPITAL NHS FOUNDATION TRUST,E06000059,RBD,Open
EAST AND NORTH HERTFORDSHIRE NHS TRUST,E09000017,RWH,Open
EAST AND NORTH HERTFORDSHIRE NHS TRUST,E07000242,RWH,Open
EAST AND NORTH HERTFORDSHIRE NHS TRUST,E07000243,RWH,Open
EAST AND NORTH HERTFORDSHIRE NHS TRUST,E07000241,RWH,Open
EAST CHESHIRE NHS TRUST,E06000049,RJN,Open
EAST KENT HOSPITALS UNIVERSITY NHS FOUNDATION TRUST,E07000108,RVV,Open
EAST KENT HOSPITALS UNIVERSITY NHS FOUNDATION TRUST,E07000113,RVV,Open
EAST KENT HOSPITALS UNIVERSITY NHS FOUNDATION TRUST,E07000106,RVV,Open
EAST KENT HOSPITALS UNIVERSITY NHS FOUNDATION TRUST,E06000035,RVV,Open
EAST KENT HOSPITALS UNIVERSITY NHS FOUNDATION TRUST,E07000105,RVV,Open
EAST KENT HOSPITALS UNIVERSITY NHS FOUNDATION TRUST,E07000114,RVV,Open
EAST KENT HOSPITALS UNIVERSITY NHS FOUNDATION TRUST,E07000112,RVV,Open
EAST KENT HOSPITALS UNIVERSITY NHS FOUNDATION TRUST,E09000033,RVV,Open
EAST KENT HOSPITALS UNIVERSITY NHS FOUNDATION TRUST,E07000110,RVV,Open
EAST LANCASHIRE HOSPITALS NHS TRUST,E07000120,RXR,Open
EAST LANCASHIRE HOSPITALS NHS TRUST,E06000008,RXR,Open
EAST LANCASHIRE HOSPITALS NHS TRUST,E07000117,RXR,Open
EAST LANCASHIRE HOSPITALS NHS TRUST,E07000124,RXR,Open
EAST LANCASHIRE HOSPITALS NHS TRUST,E07000122,RXR,Open
EAST SUFFOLK AND NORTH ESSEX NHS FOUNDATION TRUST,E07000244,RDE,Open
EAST SUFFOLK AND NORTH ESSEX NHS FOUNDATION TRUST,E07000076,RDE,Open
EAST SUFFOLK AND NORTH ESSEX NHS FOUNDATION TRUST,E07000071,RDE,Open
EAST SUFFOLK AND NORTH ESSEX NHS FOUNDATION TRUST,E07000067,RDE,Open
EAST SUFFOLK AND NORTH ESSEX NHS FOUNDATION TRUST,E07000203,RDE,Open
EAST SUFFOLK AND NORTH ESSEX NHS FOUNDATION TRUST,E07000202,RDE,Open
EAST SUSSEX HEALTHCARE NHS TRUST,E07000065,RXC,Open
EAST SUSSEX HEALTHCARE NHS TRUST,E07000064,RXC,Open
EAST SUSSEX HEALTHCARE NHS TRUST,E07000062,RXC,Open
EAST SUSSEX HEALTHCARE NHS TRUST,E07000061,RXC,Open
EAST SUSSEX HEALTHCARE NHS TRUST,E07000063,RXC,Open
EPSOM AND ST HELIER UNIVERSITY HOSPITALS NHS TRUST,E07000210,RVR,Open
EPSOM AND ST HELIER UNIVERSITY HOSPITALS NHS TRUST,E07000226,RVR,Open
EPSOM AND ST HELIER UNIVERSITY HOSPITALS NHS TRUST,E07000211,RVR,Open
EPSOM AND ST HELIER UNIVERSITY HOSPITALS NHS TRUST,E07000208,RVR,Open
EPSOM AND ST HELIER UNIVERSITY HOSPITALS NHS TRUST,E07000089,RVR,Open
EPSOM AND ST HELIER UNIVERSITY HOSPITALS NHS TRUST,E07000214,RVR,Open
EPSOM AND ST HELIER UNIVERSITY HOSPITALS NHS TRUST,E06000040,RVR,Open
EPSOM AND ST HELIER UNIVERSITY HOSPITALS NHS TRUST,E07000207,RVR,Open
EPSOM AND ST HELIER UNIVERSITY HOSPITALS NHS TRUST,E09000024,RVR,Open
EPSOM AND ST HELIER UNIVERSITY HOSPITALS NHS TRUST,E09000029,RVR,Open
EPSOM AND ST HELIER UNIVERSITY HOSPITALS NHS TRUST,E09000032,RVR,Open
EPSOM AND ST HELIER UNIVERSITY HOSPITALS NHS TRUST,E07000209,RVR,Open
EPSOM AND ST HELIER UNIVERSITY HOSPITALS NHS TRUST,E07000212,RVR,Open
EPSOM AND ST HELIER UNIVERSITY HOSPITALS NHS TRUST,E09000021,RVR,Open
EPSOM AND ST HELIER UNIVERSITY HOSPITALS NHS TRUST,E07000217,RVR,Open
ESSEX PARTNERSHIP UNIVERSITY NHS FOUNDATION TRUST,E07000066,R1L,Open
ESSEX PARTNERSHIP UNIVERSITY NHS FOUNDATION TRUST,E07000068,R1L,Open
ESSEX PARTNERSHIP UNIVERSITY NHS FOUNDATION TRUST,E07000070,R1L,Open
ESSEX PARTNERSHIP UNIVERSITY NHS FOUNDATION TRUST,E07000242,R1L,Open
ESSEX PARTNERSHIP UNIVERSITY NHS FOUNDATION TRUST,E07000073,R1L,Open
ESSEX PARTNERSHIP UNIVERSITY NHS FOUNDATION TRUST,E07000075,R1L,Open
ESSEX PARTNERSHIP UNIVERSITY NHS FOUNDATION TRUST,E07000077,R1L,Open
ESSEX PARTNERSHIP UNIVERSITY NHS FOUNDATION TRUST,E07000072,R1L,Open
ESSEX PARTNERSHIP UNIVERSITY NHS FOUNDATION TRUST,E06000034,R1L,Open
FRIMLEY HEALTH NHS FOUNDATION TRUST,E09000013,RDU,Open
FRIMLEY HEALTH NHS FOUNDATION TRUST,E07000089,RDU,Open
FRIMLEY HEALTH NHS FOUNDATION TRUST,E07000216,RDU,Open
FRIMLEY HEALTH NHS FOUNDATION TRUST,E07000214,RDU,Open
FRIMLEY HEALTH NHS FOUNDATION TRUST,E06000040,RDU,Open
FRIMLEY HEALTH NHS FOUNDATION TRUST,E07000178,RDU,Open
FRIMLEY HEALTH NHS FOUNDATION TRUST,E07000228,RDU,Open
FRIMLEY HEALTH NHS FOUNDATION TRUST,E06000038,RDU,Open
FRIMLEY HEALTH NHS FOUNDATION TRUST,E09000020,RDU,Open
FRIMLEY HEALTH NHS FOUNDATION TRUST,E06000060,RDU,Open
FRIMLEY HEALTH NHS FOUNDATION TRUST,E06000039,RDU,Open
GATESHEAD HEALTH NHS FOUNDATION TRUST,E08000037,RR7,Open
GATESHEAD HEALTH NHS FOUNDATION TRUST,E08000024,RR7,Open
GEORGE ELIOT HOSPITAL NHS TRUST,E07000219,RLT,Open
GLOUCESTERSHIRE HOSPITALS NHS FOUNDATION TRUST,E07000078,RTE,Open
GLOUCESTERSHIRE HOSPITALS NHS FOUNDATION TRUST,E07000079,RTE,Open
GLOUCESTERSHIRE HOSPITALS NHS FOUNDATION TRUST,E07000080,RTE,Open
GLOUCESTERSHIRE HOSPITALS NHS FOUNDATION TRUST,E07000081,RTE,Open
GLOUCESTERSHIRE HOSPITALS NHS FOUNDATION TRUST,E07000082,RTE,Open
GLOUCESTERSHIRE HOSPITALS NHS FOUNDATION TRUST,E07000083,RTE,Open
GREAT ORMOND STREET HOSPITAL FOR CHILDREN NHS FOUNDATION TRUST,E07000070,RP4,Open
GREAT ORMOND STREET HOSPITAL FOR CHILDREN NHS FOUNDATION TRUST,E07000071,RP4,Open
GREAT ORMOND STREET HOSPITAL FOR CHILDREN NHS FOUNDATION TRUST,E09000020,RP4,Open
GREAT ORMOND STREET HOSPITAL FOR CHILDREN NHS FOUNDATION TRUST,E09000007,RP4,Open
GREAT ORMOND STREET HOSPITAL FOR CHILDREN NHS FOUNDATION TRUST,E09000026,RP4,Open
GREAT ORMOND STREET HOSPITAL FOR CHILDREN NHS FOUNDATION TRUST,E06000033,RP4,Open
GREAT ORMOND STREET HOSPITAL FOR CHILDREN NHS FOUNDATION TRUST,E07000072,RP4,Open
GREAT ORMOND STREET HOSPITAL FOR CHILDREN NHS FOUNDATION TRUST,E07000041,RP4,Open
GREAT ORMOND STREET HOSPITAL FOR CHILDREN NHS FOUNDATION TRUST,E09000030,RP4,Open
GREAT WESTERN HOSPITALS NHS FOUNDATION TRUST,E06000054,RN3,Open
GREAT WESTERN HOSPITALS NHS FOUNDATION TRUST,E07000079,RN3,Open
GREAT WESTERN HOSPITALS NHS FOUNDATION TRUST,E06000030,RN3,Open
GUY'S AND ST THOMAS' NHS FOUNDATION TRUST,E07000107,RJ1,Open
GUY'S AND ST THOMAS' NHS FOUNDATION TRUST,E09000028,RJ1,Open
GUY'S AND ST THOMAS' NHS FOUNDATION TRUST,E07000109,RJ1,Open
GUY'S AND ST THOMAS' NHS FOUNDATION TRUST,E06000043,RJ1,Open
GUY'S AND ST THOMAS' NHS FOUNDATION TRUST,E07000062,RJ1,Open
GUY'S AND ST THOMAS' NHS FOUNDATION TRUST,E06000026,RJ1,Open
GUY'S AND ST THOMAS' NHS FOUNDATION TRUST,E07000061,RJ1,Open
GUY'S AND ST THOMAS' NHS FOUNDATION TRUST,E07000208,RJ1,Open
GUY'S AND ST THOMAS' NHS FOUNDATION TRUST,E07000214,RJ1,Open
GUY'S AND ST THOMAS' NHS FOUNDATION TRUST,E09000017,RJ1,Open
GUY'S AND ST THOMAS' NHS FOUNDATION TRUST,E07000110,RJ1,Open
GUY'S AND ST THOMAS' NHS FOUNDATION TRUST,E06000035,RJ1,Open
GUY'S AND ST THOMAS' NHS FOUNDATION TRUST,E07000149,RJ1,Open
GUY'S AND ST THOMAS' NHS FOUNDATION TRUST,E07000228,RJ1,Open
GUY'S AND ST THOMAS' NHS FOUNDATION TRUST,E09000020,RJ1,Open
GUY'S AND ST THOMAS' NHS FOUNDATION TRUST,E09000030,RJ1,Open
GUY'S AND ST THOMAS' NHS FOUNDATION TRUST,E07000105,RJ1,Open
GUY'S AND ST THOMAS' NHS FOUNDATION TRUST,E09000022,RJ1,Open
GUY'S AND ST THOMAS' NHS FOUNDATION TRUST,E09000006,RJ1,Open
GUY'S AND ST THOMAS' NHS FOUNDATION TRUST,E09000011,RJ1,Open
GUY'S AND ST THOMAS' NHS FOUNDATION TRUST,E09000004,RJ1,Open
GUY'S AND ST THOMAS' NHS FOUNDATION TRUST,E09000019,RJ1,Open
GUY'S AND ST THOMAS' NHS FOUNDATION TRUST,E09000023,RJ1,Open
GUY'S AND ST THOMAS' NHS FOUNDATION TRUST,E07000229,RJ1,Open
HAMPSHIRE HOSPITALS NHS FOUNDATION TRUST,E07000093,RN5,Open
HAMPSHIRE HOSPITALS NHS FOUNDATION TRUST,E07000084,RN5,Open
HAMPSHIRE HOSPITALS NHS FOUNDATION TRUST,E07000085,RN5,Open
HAMPSHIRE HOSPITALS NHS FOUNDATION TRUST,E07000094,RN5,Open
HARROGATE AND DISTRICT NHS FOUNDATION TRUST,E08000032,RCD,Open
HARROGATE AND DISTRICT NHS FOUNDATION TRUST,E07000164,RCD,Open
HARROGATE AND DISTRICT NHS FOUNDATION TRUST,E07000166,RCD,Open
HARROGATE AND DISTRICT NHS FOUNDATION TRUST,E07000165,RCD,Open
HARROGATE AND DISTRICT NHS FOUNDATION TRUST,E08000035,RCD,Open
HARROGATE AND DISTRICT NHS FOUNDATION TRUST,E07000167,RCD,Open
HARROGATE AND DISTRICT NHS FOUNDATION TRUST,E07000168,RCD,Open
HARROGATE AND DISTRICT NHS FOUNDATION TRUST,E07000163,RCD,Open
HARROGATE AND DISTRICT NHS FOUNDATION TRUST,E07000169,RCD,Open
HARROGATE AND DISTRICT NHS FOUNDATION TRUST,E06000014,RCD,Open
HOMERTON UNIVERSITY HOSPITAL NHS FOUNDATION TRUST,E09000012,RQX,Open
HULL UNIVERSITY TEACHING HOSPITALS NHS TRUST,E06000011,RWA,Open
HULL UNIVERSITY TEACHING HOSPITALS NHS TRUST,E06000010,RWA,Open
HULL UNIVERSITY TEACHING HOSPITALS NHS TRUST,E07000167,RWA,Open
HULL UNIVERSITY TEACHING HOSPITALS NHS TRUST,E07000168,RWA,Open
HULL UNIVERSITY TEACHING HOSPITALS NHS TRUST,E06000013,RWA,Open
HULL UNIVERSITY TEACHING HOSPITALS NHS TRUST,E08000035,RWA,Open
HULL UNIVERSITY TEACHING HOSPITALS NHS TRUST,E06000014,RWA,Open
IMPERIAL COLLEGE HEALTHCARE NHS TRUST,E09000013,RYJ,Open
IMPERIAL COLLEGE HEALTHCARE NHS TRUST,E09000033,RYJ,Open
JAMES PAGET UNIVERSITY HOSPITALS NHS FOUNDATION TRUST,E07000145,RGP,Open
KETTERING GENERAL HOSPITAL NHS FOUNDATION TRUST,E06000016,RNQ,Open
KETTERING GENERAL HOSPITAL NHS FOUNDATION TRUST,E07000156,RNQ,Open
KETTERING GENERAL HOSPITAL NHS FOUNDATION TRUST,E07000153,RNQ,Open
KETTERING GENERAL HOSPITAL NHS FOUNDATION TRUST,E07000131,RNQ,Open
KING'S COLLEGE HOSPITAL NHS FOUNDATION TRUST,E07000107,RJZ,Open
KING'S COLLEGE HOSPITAL NHS FOUNDATION TRUST,E09000004,RJZ,Open
KING'S COLLEGE HOSPITAL NHS FOUNDATION TRUST,E09000022,RJZ,Open
KING'S COLLEGE HOSPITAL NHS FOUNDATION TRUST,E09000006,RJZ,Open
KINGSTON HOSPITAL NHS FOUNDATION TRUST,E07000210,RAX,Open
KINGSTON HOSPITAL NHS FOUNDATION TRUST,E07000207,RAX,Open
KINGSTON HOSPITAL NHS FOUNDATION TRUST,E07000208,RAX,Open
KINGSTON HOSPITAL NHS FOUNDATION TRUST,E09000021,RAX,Open
KINGSTON HOSPITAL NHS FOUNDATION TRUST,E09000019,RAX,Open
KINGSTON HOSPITAL NHS FOUNDATION TRUST,E09000024,RAX,Open
KINGSTON HOSPITAL NHS FOUNDATION TRUST,E09000032,RAX,Open
KINGSTON HOSPITAL NHS FOUNDATION TRUST,E09000013,RAX,Open
KINGSTON HOSPITAL NHS FOUNDATION TRUST,E09000029,RAX,Open
KINGSTON HOSPITAL NHS FOUNDATION TRUST,E09000027,RAX,Open
LANCASHIRE TEACHING HOSPITALS NHS FOUNDATION TRUST,E07000118,RXN,Open
LANCASHIRE TEACHING HOSPITALS NHS FOUNDATION TRUST,E07000119,RXN,Open
LANCASHIRE TEACHING HOSPITALS NHS FOUNDATION TRUST,E07000123,RXN,Open
LEEDS TEACHING HOSPITALS NHS TRUST,E08000032,RR8,Open
LEEDS TEACHING HOSPITALS NHS TRUST,E06000011,RR8,Open
LEEDS TEACHING HOSPITALS NHS TRUST,E08000035,RR8,Open
LEEDS TEACHING HOSPITALS NHS TRUST,E06000012,RR8,Open
LEEDS TEACHING HOSPITALS NHS TRUST,E07000164,RR8,Open
LEEDS TEACHING HOSPITALS NHS TRUST,E07000165,RR8,Open
LEEDS TEACHING HOSPITALS NHS TRUST,E08000036,RR8,Open
LEEDS TEACHING HOSPITALS NHS TRUST,E07000168,RR8,Open
LEEDS TEACHING HOSPITALS NHS TRUST,E06000013,RR8,Open
LEEDS TEACHING HOSPITALS NHS TRUST,E06000014,RR8,Open
LEWISHAM AND GREENWICH NHS TRUST,E09000023,RJ2,Open
LEWISHAM AND GREENWICH NHS TRUST,E09000022,RJ2,Open
LEWISHAM AND GREENWICH NHS TRUST,E09000006,RJ2,Open
LEWISHAM AND GREENWICH NHS TRUST,E09000011,RJ2,Open
LEWISHAM AND GREENWICH NHS TRUST,E09000004,RJ2,Open
LIVERPOOL HEART AND CHEST HOSPITAL NHS FOUNDATION TRUST,E08000012,RBQ,Open
LIVERPOOL UNIVERSITY HOSPITALS NHS FOUNDATION TRUST,E08000012,REM,Open
LIVERPOOL WOMEN'S NHS FOUNDATION TRUST,E08000012,REP,Open
LONDON NORTH WEST UNIVERSITY HEALTHCARE NHS TRUST,E09000005,R1K,Open
LONDON NORTH WEST UNIVERSITY HEALTHCARE NHS TRUST,E09000009,R1K,Open
LUTON AND DUNSTABLE UNIVERSITY HOSPITAL NHS FOUNDATION TRUST,E07000240,NA,NA
LUTON AND DUNSTABLE UNIVERSITY HOSPITAL NHS FOUNDATION TRUST,E06000032,NA,NA
MAIDSTONE AND TUNBRIDGE WELLS NHS TRUST,E07000108,RWF,Open
MAIDSTONE AND TUNBRIDGE WELLS NHS TRUST,E07000113,RWF,Open
MAIDSTONE AND TUNBRIDGE WELLS NHS TRUST,E07000109,RWF,Open
MAIDSTONE AND TUNBRIDGE WELLS NHS TRUST,E07000116,RWF,Open
MAIDSTONE AND TUNBRIDGE WELLS NHS TRUST,E07000110,RWF,Open
MAIDSTONE AND TUNBRIDGE WELLS NHS TRUST,E06000035,RWF,Open
MAIDSTONE AND TUNBRIDGE WELLS NHS TRUST,E07000114,RWF,Open
MAIDSTONE AND TUNBRIDGE WELLS NHS TRUST,E07000106,RWF,Open
MAIDSTONE AND TUNBRIDGE WELLS NHS TRUST,E07000112,RWF,Open
MAIDSTONE AND TUNBRIDGE WELLS NHS TRUST,E07000111,RWF,Open
MAIDSTONE AND TUNBRIDGE WELLS NHS TRUST,E07000107,RWF,Open
MAIDSTONE AND TUNBRIDGE WELLS NHS TRUST,E07000065,RWF,Open
MAIDSTONE AND TUNBRIDGE WELLS NHS TRUST,E07000105,RWF,Open
MANCHESTER UNIVERSITY NHS FOUNDATION TRUST,E08000009,R0A,Open
MANCHESTER UNIVERSITY NHS FOUNDATION TRUST,E08000003,R0A,Open
MEDWAY NHS FOUNDATION TRUST,E07000116,RPA,Open
MEDWAY NHS FOUNDATION TRUST,E09000023,RPA,Open
MEDWAY NHS FOUNDATION TRUST,E09000006,RPA,Open
MEDWAY NHS FOUNDATION TRUST,E07000065,RPA,Open
MEDWAY NHS FOUNDATION TRUST,E07000111,RPA,Open
MEDWAY NHS FOUNDATION TRUST,E07000109,RPA,Open
MEDWAY NHS FOUNDATION TRUST,E07000110,RPA,Open
MEDWAY NHS FOUNDATION TRUST,E06000035,RPA,Open
MEDWAY NHS FOUNDATION TRUST,E07000105,RPA,Open
MEDWAY NHS FOUNDATION TRUST,E07000113,RPA,Open
MEDWAY NHS FOUNDATION TRUST,E09000008,RPA,Open
MID AND SOUTH ESSEX NHS FOUNDATION TRUST,E07000066,RAJ,Open
MID AND SOUTH ESSEX NHS FOUNDATION TRUST,E07000067,RAJ,Open
MID AND SOUTH ESSEX NHS FOUNDATION TRUST,E07000068,RAJ,Open
MID AND SOUTH ESSEX NHS FOUNDATION TRUST,E07000071,RAJ,Open
MID AND SOUTH ESSEX NHS FOUNDATION TRUST,E07000242,RAJ,Open
MID AND SOUTH ESSEX NHS FOUNDATION TRUST,E06000033,RAJ,Open
MID AND SOUTH ESSEX NHS FOUNDATION TRUST,E07000070,RAJ,Open
MID AND SOUTH ESSEX NHS FOUNDATION TRUST,E07000076,RAJ,Open
MID AND SOUTH ESSEX NHS FOUNDATION TRUST,E09000007,RAJ,Open
MID AND SOUTH ESSEX NHS FOUNDATION TRUST,E07000072,RAJ,Open
MID AND SOUTH ESSEX NHS FOUNDATION TRUST,E09000012,RAJ,Open
MID AND SOUTH ESSEX NHS FOUNDATION TRUST,E07000244,RAJ,Open
MID AND SOUTH ESSEX NHS FOUNDATION TRUST,E09000016,RAJ,Open
MID AND SOUTH ESSEX NHS FOUNDATION TRUST,E06000034,RAJ,Open
MID AND SOUTH ESSEX NHS FOUNDATION TRUST,E07000073,RAJ,Open
MID AND SOUTH ESSEX NHS FOUNDATION TRUST,E07000075,RAJ,Open
MID AND SOUTH ESSEX NHS FOUNDATION TRUST,E09000030,RAJ,Open
MID AND SOUTH ESSEX NHS FOUNDATION TRUST,E07000074,RAJ,Open
MID AND SOUTH ESSEX NHS FOUNDATION TRUST,E09000031,RAJ,Open
MID CHESHIRE HOSPITALS NHS FOUNDATION TRUST,E06000049,RBT,Open
MID CHESHIRE HOSPITALS NHS FOUNDATION TRUST,E06000050,RBT,Open
MID STAFFORDSHIRE NHS FOUNDATION TRUST,E07000192,RJD,Open
MID STAFFORDSHIRE NHS FOUNDATION TRUST,E07000197,RJD,Open
MID YORKSHIRE HOSPITALS NHS TRUST,E08000034,RXF,Open
MID YORKSHIRE HOSPITALS NHS TRUST,E08000036,RXF,Open
MILTON KEYNES UNIVERSITY HOSPITAL NHS FOUNDATION TRUST,E06000060,RD8,Open
MILTON KEYNES UNIVERSITY HOSPITAL NHS FOUNDATION TRUST,E06000042,RD8,Open
MOORFIELDS EYE HOSPITAL NHS FOUNDATION TRUST,E09000029,RP6,Open
MOORFIELDS EYE HOSPITAL NHS FOUNDATION TRUST,E09000008,RP6,Open
MOORFIELDS EYE HOSPITAL NHS FOUNDATION TRUST,E09000005,RP6,Open
MOORFIELDS EYE HOSPITAL NHS FOUNDATION TRUST,E09000019,RP6,Open
MOORFIELDS EYE HOSPITAL NHS FOUNDATION TRUST,E09000030,RP6,Open
NORFOLK AND NORWICH UNIVERSITY HOSPITALS NHS FOUNDATION TRUST,E07000147,RM1,Open
NORFOLK AND NORWICH UNIVERSITY HOSPITALS NHS FOUNDATION TRUST,E07000149,RM1,Open
NORTH BRISTOL NHS TRUST,E06000023,RVJ,Open
NORTH BRISTOL NHS TRUST,E06000025,RVJ,Open
NORTH CUMBRIA UNIVERSITY HOSPITALS NHS TRUST,E07000028,RNL,Closed
NORTH CUMBRIA UNIVERSITY HOSPITALS NHS TRUST,E07000030,RNL,Closed
NORTH CUMBRIA UNIVERSITY HOSPITALS NHS TRUST,E07000029,RNL,Closed
NORTH MIDDLESEX UNIVERSITY HOSPITAL NHS TRUST,E09000010,RAP,Open
NORTH TEES AND HARTLEPOOL NHS FOUNDATION TRUST,E06000003,RVW,Open
NORTH TEES AND HARTLEPOOL NHS FOUNDATION TRUST,E06000047,RVW,Open
NORTH TEES AND HARTLEPOOL NHS FOUNDATION TRUST,E07000164,RVW,Open
NORTH TEES AND HARTLEPOOL NHS FOUNDATION TRUST,E06000001,RVW,Open
NORTH TEES AND HARTLEPOOL NHS FOUNDATION TRUST,E06000004,RVW,Open
NORTH TEES AND HARTLEPOOL NHS FOUNDATION TRUST,E06000005,RVW,Open
NORTH WEST ANGLIA NHS FOUNDATION TRUST,E07000010,RGN,Open
NORTH WEST ANGLIA NHS FOUNDATION TRUST,E06000031,RGN,Open
NORTH WEST ANGLIA NHS FOUNDATION TRUST,E07000011,RGN,Open
NORTH WEST ANGLIA NHS FOUNDATION TRUST,E07000009,RGN,Open
NORTH WEST ANGLIA NHS FOUNDATION TRUST,E07000012,RGN,Open
NORTH WEST ANGLIA NHS FOUNDATION TRUST,E07000141,RGN,Open
NORTHAMPTON GENERAL HOSPITAL NHS TRUST,E07000151,RNS,Open
NORTHAMPTON GENERAL HOSPITAL NHS TRUST,E07000154,RNS,Open
NORTHERN DEVON HEALTHCARE NHS TRUST,E07000046,RBZ,Open
NORTHERN DEVON HEALTHCARE NHS TRUST,E07000040,RBZ,Open
NORTHERN DEVON HEALTHCARE NHS TRUST,E07000041,RBZ,Open
NORTHERN DEVON HEALTHCARE NHS TRUST,E07000043,RBZ,Open
NORTHERN DEVON HEALTHCARE NHS TRUST,E06000052,RBZ,Open
NORTHERN DEVON HEALTHCARE NHS TRUST,E07000045,RBZ,Open
NORTHERN DEVON HEALTHCARE NHS TRUST,E07000042,RBZ,Open
NORTHERN LINCOLNSHIRE AND GOOLE NHS FOUNDATION TRUST,E06000012,RJL,Open
NORTHERN LINCOLNSHIRE AND GOOLE NHS FOUNDATION TRUST,E06000011,RJL,Open
NORTHERN LINCOLNSHIRE AND GOOLE NHS FOUNDATION TRUST,E07000138,RJL,Open
NORTHERN LINCOLNSHIRE AND GOOLE NHS FOUNDATION TRUST,E07000137,RJL,Open
NORTHERN LINCOLNSHIRE AND GOOLE NHS FOUNDATION TRUST,E07000136,RJL,Open
NORTHERN LINCOLNSHIRE AND GOOLE NHS FOUNDATION TRUST,E06000013,RJL,Open
NORTHUMBRIA HEALTHCARE NHS FOUNDATION TRUST,E06000057,RTF,Open
NORTHUMBRIA HEALTHCARE NHS FOUNDATION TRUST,E08000022,RTF,Open
NORTHUMBRIA HEALTHCARE NHS FOUNDATION TRUST,E07000029,RTF,Open
NOTTINGHAM UNIVERSITY HOSPITALS NHS TRUST,E07000036,RX1,Open
NOTTINGHAM UNIVERSITY HOSPITALS NHS TRUST,E07000175,RX1,Open
NOTTINGHAM UNIVERSITY HOSPITALS NHS TRUST,E06000018,RX1,Open
NOTTINGHAM UNIVERSITY HOSPITALS NHS TRUST,E07000173,RX1,Open
NOTTINGHAM UNIVERSITY HOSPITALS NHS TRUST,E07000176,RX1,Open
OXFORD UNIVERSITY HOSPITALS NHS FOUNDATION TRUST,E08000025,RTH,Open
OXFORD UNIVERSITY HOSPITALS NHS FOUNDATION TRUST,E07000155,RTH,Open
OXFORD UNIVERSITY HOSPITALS NHS FOUNDATION TRUST,E06000023,RTH,Open
OXFORD UNIVERSITY HOSPITALS NHS FOUNDATION TRUST,E07000178,RTH,Open
OXFORD UNIVERSITY HOSPITALS NHS FOUNDATION TRUST,E06000026,RTH,Open
OXFORD UNIVERSITY HOSPITALS NHS FOUNDATION TRUST,E07000221,RTH,Open
OXFORD UNIVERSITY HOSPITALS NHS FOUNDATION TRUST,E07000180,RTH,Open
OXFORD UNIVERSITY HOSPITALS NHS FOUNDATION TRUST,E06000025,RTH,Open
OXFORD UNIVERSITY HOSPITALS NHS FOUNDATION TRUST,E07000214,RTH,Open
OXFORD UNIVERSITY HOSPITALS NHS FOUNDATION TRUST,E07000177,RTH,Open
OXFORD UNIVERSITY HOSPITALS NHS FOUNDATION TRUST,E06000042,RTH,Open
OXFORD UNIVERSITY HOSPITALS NHS FOUNDATION TRUST,E07000079,RTH,Open
OXFORD UNIVERSITY HOSPITALS NHS FOUNDATION TRUST,E07000154,RTH,Open
OXFORD UNIVERSITY HOSPITALS NHS FOUNDATION TRUST,E09000015,RTH,Open
OXFORD UNIVERSITY HOSPITALS NHS FOUNDATION TRUST,E08000035,RTH,Open
OXFORD UNIVERSITY HOSPITALS NHS FOUNDATION TRUST,E09000005,RTH,Open
OXFORD UNIVERSITY HOSPITALS NHS FOUNDATION TRUST,E06000060,RTH,Open
OXFORD UNIVERSITY HOSPITALS NHS FOUNDATION TRUST,E07000179,RTH,Open
OXFORD UNIVERSITY HOSPITALS NHS FOUNDATION TRUST,E06000030,RTH,Open
OXFORD UNIVERSITY HOSPITALS NHS FOUNDATION TRUST,E06000039,RTH,Open
OXFORD UNIVERSITY HOSPITALS NHS FOUNDATION TRUST,E06000037,RTH,Open
OXFORD UNIVERSITY HOSPITALS NHS FOUNDATION TRUST,E07000181,RTH,Open
PENNINE ACUTE HOSPITALS NHS TRUST,E08000005,RW6,Open
PENNINE ACUTE HOSPITALS NHS TRUST,E08000002,RW6,Open
PENNINE ACUTE HOSPITALS NHS TRUST,E08000003,RW6,Open
PENNINE ACUTE HOSPITALS NHS TRUST,E08000004,RW6,Open
POOLE HOSPITAL NHS FOUNDATION TRUST,E06000059,RD3,Closed
POOLE HOSPITAL NHS FOUNDATION TRUST,E06000058,RD3,Closed
PORTSMOUTH HOSPITALS UNIVERSITY NATIONAL HEALTH SERVICE TRUST,E07000085,RHU,Open
PORTSMOUTH HOSPITALS UNIVERSITY NATIONAL HEALTH SERVICE TRUST,E07000093,RHU,Open
PORTSMOUTH HOSPITALS UNIVERSITY NATIONAL HEALTH SERVICE TRUST,E07000084,RHU,Open
PORTSMOUTH HOSPITALS UNIVERSITY NATIONAL HEALTH SERVICE TRUST,E07000224,RHU,Open
PORTSMOUTH HOSPITALS UNIVERSITY NATIONAL HEALTH SERVICE TRUST,E07000090,RHU,Open
PORTSMOUTH HOSPITALS UNIVERSITY NATIONAL HEALTH SERVICE TRUST,E07000087,RHU,Open
PORTSMOUTH HOSPITALS UNIVERSITY NATIONAL HEALTH SERVICE TRUST,E07000088,RHU,Open
PORTSMOUTH HOSPITALS UNIVERSITY NATIONAL HEALTH SERVICE TRUST,E07000091,RHU,Open
PORTSMOUTH HOSPITALS UNIVERSITY NATIONAL HEALTH SERVICE TRUST,E06000044,RHU,Open
PORTSMOUTH HOSPITALS UNIVERSITY NATIONAL HEALTH SERVICE TRUST,E07000094,RHU,Open
PORTSMOUTH HOSPITALS UNIVERSITY NATIONAL HEALTH SERVICE TRUST,E06000045,RHU,Open
PORTSMOUTH HOSPITALS UNIVERSITY NATIONAL HEALTH SERVICE TRUST,E07000225,RHU,Open
QUEEN VICTORIA HOSPITAL NHS FOUNDATION TRUST,E07000064,RPC,Open
QUEEN VICTORIA HOSPITAL NHS FOUNDATION TRUST,E07000108,RPC,Open
QUEEN VICTORIA HOSPITAL NHS FOUNDATION TRUST,E07000062,RPC,Open
QUEEN VICTORIA HOSPITAL NHS FOUNDATION TRUST,E07000211,RPC,Open
QUEEN VICTORIA HOSPITAL NHS FOUNDATION TRUST,E07000061,RPC,Open
QUEEN VICTORIA HOSPITAL NHS FOUNDATION TRUST,E07000114,RPC,Open
QUEEN VICTORIA HOSPITAL NHS FOUNDATION TRUST,E07000228,RPC,Open
QUEEN VICTORIA HOSPITAL NHS FOUNDATION TRUST,E07000107,RPC,Open
QUEEN VICTORIA HOSPITAL NHS FOUNDATION TRUST,E07000113,RPC,Open
QUEEN VICTORIA HOSPITAL NHS FOUNDATION TRUST,E07000106,RPC,Open
QUEEN VICTORIA HOSPITAL NHS FOUNDATION TRUST,E07000110,RPC,Open
QUEEN VICTORIA HOSPITAL NHS FOUNDATION TRUST,E06000035,RPC,Open
QUEEN VICTORIA HOSPITAL NHS FOUNDATION TRUST,E07000111,RPC,Open
QUEEN VICTORIA HOSPITAL NHS FOUNDATION TRUST,E07000065,RPC,Open
QUEEN VICTORIA HOSPITAL NHS FOUNDATION TRUST,E07000105,RPC,Open
QUEEN VICTORIA HOSPITAL NHS FOUNDATION TRUST,E07000212,RPC,Open
THE ROBERT JONES AND AGNES HUNT ORTHOPAEDIC HOSPITAL NHS FOUNDATION TRUST,E06000049,RL1,Open
THE ROBERT JONES AND AGNES HUNT ORTHOPAEDIC HOSPITAL NHS FOUNDATION TRUST,E06000051,RL1,Open
THE ROBERT JONES AND AGNES HUNT ORTHOPAEDIC HOSPITAL NHS FOUNDATION TRUST,E08000003,RL1,Open
THE ROBERT JONES AND AGNES HUNT ORTHOPAEDIC HOSPITAL NHS FOUNDATION TRUST,E06000020,RL1,Open
THE ROBERT JONES AND AGNES HUNT ORTHOPAEDIC HOSPITAL NHS FOUNDATION TRUST,W06000006,RL1,Open
THE ROBERT JONES AND AGNES HUNT ORTHOPAEDIC HOSPITAL NHS FOUNDATION TRUST,E06000019,RL1,Open
ROYAL BERKSHIRE NHS FOUNDATION TRUST,E06000036,RHW,Open
ROYAL BERKSHIRE NHS FOUNDATION TRUST,E07000179,RHW,Open
ROYAL BERKSHIRE NHS FOUNDATION TRUST,E06000060,RHW,Open
ROYAL BERKSHIRE NHS FOUNDATION TRUST,E06000040,RHW,Open
ROYAL BERKSHIRE NHS FOUNDATION TRUST,E06000038,RHW,Open
ROYAL BERKSHIRE NHS FOUNDATION TRUST,E09000033,RHW,Open
ROYAL BERKSHIRE NHS FOUNDATION TRUST,E06000037,RHW,Open
ROYAL BERKSHIRE NHS FOUNDATION TRUST,E06000041,RHW,Open
ROYAL BROMPTON & HAREFIELD NHS FOUNDATION TRUST,E09000017,RT3,Open
ROYAL BROMPTON & HAREFIELD NHS FOUNDATION TRUST,E09000020,RT3,Open
ROYAL CORNWALL HOSPITALS NHS TRUST,E06000052,REF,Open
ROYAL CORNWALL HOSPITALS NHS TRUST,E06000053,REF,Open
ROYAL DEVON AND EXETER NHS FOUNDATION TRUST,E07000040,RH8,Open
ROYAL DEVON AND EXETER NHS FOUNDATION TRUST,E07000046,RH8,Open
ROYAL DEVON AND EXETER NHS FOUNDATION TRUST,E06000052,RH8,Open
ROYAL DEVON AND EXETER NHS FOUNDATION TRUST,E07000042,RH8,Open
ROYAL DEVON AND EXETER NHS FOUNDATION TRUST,E07000045,RH8,Open
ROYAL DEVON AND EXETER NHS FOUNDATION TRUST,E06000026,RH8,Open
ROYAL DEVON AND EXETER NHS FOUNDATION TRUST,E07000041,RH8,Open
ROYAL DEVON AND EXETER NHS FOUNDATION TRUST,E07000043,RH8,Open
ROYAL DEVON AND EXETER NHS FOUNDATION TRUST,E07000047,RH8,Open
ROYAL FREE LONDON NHS FOUNDATION TRUST,E09000003,RAL,Open
ROYAL FREE LONDON NHS FOUNDATION TRUST,E09000010,RAL,Open
ROYAL FREE LONDON NHS FOUNDATION TRUST,E07000095,RAL,Open
ROYAL FREE LONDON NHS FOUNDATION TRUST,E09000033,RAL,Open
ROYAL FREE LONDON NHS FOUNDATION TRUST,E09000017,RAL,Open
ROYAL FREE LONDON NHS FOUNDATION TRUST,E07000098,RAL,Open
ROYAL FREE LONDON NHS FOUNDATION TRUST,E09000007,RAL,Open
ROYAL FREE LONDON NHS FOUNDATION TRUST,E07000240,RAL,Open
ROYAL FREE LONDON NHS FOUNDATION TRUST,E09000019,RAL,Open
ROYAL FREE LONDON NHS FOUNDATION TRUST,E07000103,RAL,Open
ROYAL NATIONAL ORTHOPAEDIC HOSPITAL NHS TRUST,E09000033,RAN,Open
ROYAL NATIONAL ORTHOPAEDIC HOSPITAL NHS TRUST,E07000098,RAN,Open
ROYAL NATIONAL ORTHOPAEDIC HOSPITAL NHS TRUST,E09000015,RAN,Open
ROYAL PAPWORTH HOSPITAL NHS FOUNDATION TRUST,E07000008,RGM,Open
ROYAL SURREY COUNTY HOSPITAL NHS FOUNDATION TRUST,E07000213,RA2,Open
ROYAL SURREY COUNTY HOSPITAL NHS FOUNDATION TRUST,E07000089,RA2,Open
ROYAL SURREY COUNTY HOSPITAL NHS FOUNDATION TRUST,E07000210,RA2,Open
ROYAL SURREY COUNTY HOSPITAL NHS FOUNDATION TRUST,E07000216,RA2,Open
ROYAL SURREY COUNTY HOSPITAL NHS FOUNDATION TRUST,E07000211,RA2,Open
ROYAL SURREY COUNTY HOSPITAL NHS FOUNDATION TRUST,E07000209,RA2,Open
ROYAL SURREY COUNTY HOSPITAL NHS FOUNDATION TRUST,E06000040,RA2,Open
ROYAL SURREY COUNTY HOSPITAL NHS FOUNDATION TRUST,E07000084,RA2,Open
ROYAL SURREY COUNTY HOSPITAL NHS FOUNDATION TRUST,E07000212,RA2,Open
ROYAL SURREY COUNTY HOSPITAL NHS FOUNDATION TRUST,E06000060,RA2,Open
ROYAL SURREY COUNTY HOSPITAL NHS FOUNDATION TRUST,E07000217,RA2,Open
ROYAL UNITED HOSPITALS BATH NHS FOUNDATION TRUST,E06000054,RD1,Open
ROYAL UNITED HOSPITALS BATH NHS FOUNDATION TRUST,E06000022,RD1,Open
ROYAL UNITED HOSPITALS BATH NHS FOUNDATION TRUST,E06000025,RD1,Open
ROYAL UNITED HOSPITALS BATH NHS FOUNDATION TRUST,E07000079,RD1,Open
SALFORD ROYAL NHS FOUNDATION TRUST,E08000007,RM3,Open
SALFORD ROYAL NHS FOUNDATION TRUST,E08000005,RM3,Open
SALFORD ROYAL NHS FOUNDATION TRUST,E08000003,RM3,Open
SALFORD ROYAL NHS FOUNDATION TRUST,E07000037,RM3,Open
SALFORD ROYAL NHS FOUNDATION TRUST,E08000002,RM3,Open
SALFORD ROYAL NHS FOUNDATION TRUST,E06000049,RM3,Open
SALFORD ROYAL NHS FOUNDATION TRUST,E08000006,RM3,Open
SALFORD ROYAL NHS FOUNDATION TRUST,E08000001,RM3,Open
SALFORD ROYAL NHS FOUNDATION TRUST,E08000004,RM3,Open
SALFORD ROYAL NHS FOUNDATION TRUST,E08000009,RM3,Open
SALFORD ROYAL NHS FOUNDATION TRUST,E07000127,RM3,Open
SALISBURY NHS FOUNDATION TRUST,E07000084,RNZ,Open
SALISBURY NHS FOUNDATION TRUST,E06000059,RNZ,Open
SALISBURY NHS FOUNDATION TRUST,E06000058,RNZ,Open
SALISBURY NHS FOUNDATION TRUST,E06000054,RNZ,Open
SALISBURY NHS FOUNDATION TRUST,E07000091,RNZ,Open
SALISBURY NHS FOUNDATION TRUST,E06000025,RNZ,Open
SALISBURY NHS FOUNDATION TRUST,E06000044,RNZ,Open
SALISBURY NHS FOUNDATION TRUST,E07000094,RNZ,Open
SALISBURY NHS FOUNDATION TRUST,E06000045,RNZ,Open
SALISBURY NHS FOUNDATION TRUST,E06000022,RNZ,Open
SALISBURY NHS FOUNDATION TRUST,E06000030,RNZ,Open
SALISBURY NHS FOUNDATION TRUST,E07000189,RNZ,Open
SANDWELL AND WEST BIRMINGHAM HOSPITALS NHS TRUST,E08000025,RXK,Open
SANDWELL AND WEST BIRMINGHAM HOSPITALS NHS TRUST,E08000028,RXK,Open
SANDWELL AND WEST BIRMINGHAM HOSPITALS NHS TRUST,E08000027,RXK,Open
SHEFFIELD CHILDREN'S NHS FOUNDATION TRUST,E08000016,RCU,Open
SHEFFIELD CHILDREN'S NHS FOUNDATION TRUST,E07000171,RCU,Open
SHEFFIELD CHILDREN'S NHS FOUNDATION TRUST,E07000034,RCU,Open
SHEFFIELD CHILDREN'S NHS FOUNDATION TRUST,E06000012,RCU,Open
SHEFFIELD CHILDREN'S NHS FOUNDATION TRUST,E08000017,RCU,Open
SHEFFIELD CHILDREN'S NHS FOUNDATION TRUST,E08000018,RCU,Open
SHEFFIELD CHILDREN'S NHS FOUNDATION TRUST,E06000013,RCU,Open
SHEFFIELD CHILDREN'S NHS FOUNDATION TRUST,E08000019,RCU,Open
SHEFFIELD TEACHING HOSPITALS NHS FOUNDATION TRUST,E08000007,RHQ,Open
SHEFFIELD TEACHING HOSPITALS NHS FOUNDATION TRUST,E09000020,RHQ,Open
SHEFFIELD TEACHING HOSPITALS NHS FOUNDATION TRUST,E08000019,RHQ,Open
SHEFFIELD TEACHING HOSPITALS NHS FOUNDATION TRUST,E06000016,RHQ,Open
SHEFFIELD TEACHING HOSPITALS NHS FOUNDATION TRUST,E07000142,RHQ,Open
SHEFFIELD TEACHING HOSPITALS NHS FOUNDATION TRUST,E07000138,RHQ,Open
SHEFFIELD TEACHING HOSPITALS NHS FOUNDATION TRUST,E08000017,RHQ,Open
SHEFFIELD TEACHING HOSPITALS NHS FOUNDATION TRUST,E07000035,RHQ,Open
SHEFFIELD TEACHING HOSPITALS NHS FOUNDATION TRUST,E08000036,RHQ,Open
SHEFFIELD TEACHING HOSPITALS NHS FOUNDATION TRUST,E08000018,RHQ,Open
SHEFFIELD TEACHING HOSPITALS NHS FOUNDATION TRUST,E09000030,RHQ,Open
SHERWOOD FOREST HOSPITALS NHS FOUNDATION TRUST,E07000170,RK5,Open
SHERWOOD FOREST HOSPITALS NHS FOUNDATION TRUST,E07000174,RK5,Open
SHERWOOD FOREST HOSPITALS NHS FOUNDATION TRUST,E07000175,RK5,Open
THE SHREWSBURY AND TELFORD HOSPITAL NHS TRUST,E06000051,RXW,Open
THE SHREWSBURY AND TELFORD HOSPITAL NHS TRUST,E06000020,RXW,Open
SOUTH TEES HOSPITALS NHS FOUNDATION TRUST,E06000047,RTR,Open
SOUTH TEES HOSPITALS NHS FOUNDATION TRUST,E06000057,RTR,Open
SOUTH TEES HOSPITALS NHS FOUNDATION TRUST,E06000005,RTR,Open
SOUTH TEES HOSPITALS NHS FOUNDATION TRUST,E06000003,RTR,Open
SOUTH TEES HOSPITALS NHS FOUNDATION TRUST,E08000021,RTR,Open
SOUTH TEES HOSPITALS NHS FOUNDATION TRUST,E07000164,RTR,Open
SOUTH TEES HOSPITALS NHS FOUNDATION TRUST,E07000166,RTR,Open
SOUTH TEES HOSPITALS NHS FOUNDATION TRUST,E07000028,RTR,Open
SOUTH TEES HOSPITALS NHS FOUNDATION TRUST,E06000004,RTR,Open
SOUTH TEES HOSPITALS NHS FOUNDATION TRUST,E06000002,RTR,Open
SOUTH TEES HOSPITALS NHS FOUNDATION TRUST,E06000001,RTR,Open
SOUTH TYNESIDE AND SUNDERLAND NHS FOUNDATION TRUST,E06000047,R0B,Open
SOUTH TYNESIDE AND SUNDERLAND NHS FOUNDATION TRUST,E08000023,R0B,Open
SOUTH TYNESIDE AND SUNDERLAND NHS FOUNDATION TRUST,E08000024,R0B,Open
SOUTH TYNESIDE AND SUNDERLAND NHS FOUNDATION TRUST,E06000001,R0B,Open
SOUTH TYNESIDE NHS FOUNDATION TRUST,E08000037,RE9,Closed
SOUTH TYNESIDE NHS FOUNDATION TRUST,E08000023,RE9,Closed
SOUTH TYNESIDE NHS FOUNDATION TRUST,E08000024,RE9,Closed
SOUTH WARWICKSHIRE NHS FOUNDATION TRUST,E07000219,RJC,Open
SOUTH WARWICKSHIRE NHS FOUNDATION TRUST,E07000221,RJC,Open
SOUTH WARWICKSHIRE NHS FOUNDATION TRUST,E07000222,RJC,Open
SOUTH WARWICKSHIRE NHS FOUNDATION TRUST,E07000220,RJC,Open
SOUTHPORT AND ORMSKIRK HOSPITAL NHS TRUST,E07000127,RVY,Open
SOUTHPORT AND ORMSKIRK HOSPITAL NHS TRUST,E08000014,RVY,Open
ST GEORGE'S UNIVERSITY HOSPITALS NHS FOUNDATION TRUST,E09000032,RJ7,Open
ST GEORGE'S UNIVERSITY HOSPITALS NHS FOUNDATION TRUST,E09000022,RJ7,Open
ST GEORGE'S UNIVERSITY HOSPITALS NHS FOUNDATION TRUST,E07000217,RJ7,Open
ST GEORGE'S UNIVERSITY HOSPITALS NHS FOUNDATION TRUST,E09000027,RJ7,Open
ST HELENS AND KNOWSLEY TEACHING HOSPITALS NHS TRUST,E08000013,RBN,Open
ST HELENS AND KNOWSLEY TEACHING HOSPITALS NHS TRUST,E07000127,RBN,Open
ST HELENS AND KNOWSLEY TEACHING HOSPITALS NHS TRUST,E08000012,RBN,Open
ST HELENS AND KNOWSLEY TEACHING HOSPITALS NHS TRUST,E08000014,RBN,Open
ST HELENS AND KNOWSLEY TEACHING HOSPITALS NHS TRUST,E06000007,RBN,Open
ST HELENS AND KNOWSLEY TEACHING HOSPITALS NHS TRUST,E08000011,RBN,Open
STOCKPORT NHS FOUNDATION TRUST,E07000037,RWJ,Open
STOCKPORT NHS FOUNDATION TRUST,E08000007,RWJ,Open
SURREY AND SUSSEX HEALTHCARE NHS TRUST,E07000215,RTP,Open
SURREY AND SUSSEX HEALTHCARE NHS TRUST,E07000226,RTP,Open
SURREY AND SUSSEX HEALTHCARE NHS TRUST,E07000211,RTP,Open
SURREY AND SUSSEX HEALTHCARE NHS TRUST,E07000227,RTP,Open
TAMESIDE AND GLOSSOP INTEGRATED CARE NHS FOUNDATION TRUST,E07000037,RMP,Open
TAMESIDE AND GLOSSOP INTEGRATED CARE NHS FOUNDATION TRUST,E08000008,RMP,Open
TAUNTON AND SOMERSET NHS FOUNDATION TRUST,E07000188,RBA,Closed
TAUNTON AND SOMERSET NHS FOUNDATION TRUST,E07000187,RBA,Closed
TAUNTON AND SOMERSET NHS FOUNDATION TRUST,E07000246,RBA,Closed
TAUNTON AND SOMERSET NHS FOUNDATION TRUST,E07000189,RBA,Closed
TAUNTON AND SOMERSET NHS FOUNDATION TRUST,E06000059,RBA,Closed
THE CHRISTIE NHS FOUNDATION TRUST,E08000004,RBV,Open
THE CHRISTIE NHS FOUNDATION TRUST,E08000003,RBV,Open
THE CLATTERBRIDGE CANCER CENTRE NHS FOUNDATION TRUST,E08000015,REN,Open
THE DUDLEY GROUP NHS FOUNDATION TRUST,E08000027,RNA,Open
THE HILLINGDON HOSPITALS NHS FOUNDATION TRUST,E09000017,RAS,Open
THE HILLINGDON HOSPITALS NHS FOUNDATION TRUST,E09000007,RAS,Open
THE NEWCASTLE UPON TYNE HOSPITALS NHS FOUNDATION TRUST,E08000037,RTD,Open
THE NEWCASTLE UPON TYNE HOSPITALS NHS FOUNDATION TRUST,E06000047,RTD,Open
THE NEWCASTLE UPON TYNE HOSPITALS NHS FOUNDATION TRUST,E06000005,RTD,Open
THE NEWCASTLE UPON TYNE HOSPITALS NHS FOUNDATION TRUST,E08000021,RTD,Open
THE NEWCASTLE UPON TYNE HOSPITALS NHS FOUNDATION TRUST,E06000002,RTD,Open
THE NEWCASTLE UPON TYNE HOSPITALS NHS FOUNDATION TRUST,E07000026,RTD,Open
THE NEWCASTLE UPON TYNE HOSPITALS NHS FOUNDATION TRUST,E06000057,RTD,Open
THE NEWCASTLE UPON TYNE HOSPITALS NHS FOUNDATION TRUST,E07000030,RTD,Open
THE NEWCASTLE UPON TYNE HOSPITALS NHS FOUNDATION TRUST,E08000024,RTD,Open
THE NEWCASTLE UPON TYNE HOSPITALS NHS FOUNDATION TRUST,E06000001,RTD,Open
THE NEWCASTLE UPON TYNE HOSPITALS NHS FOUNDATION TRUST,E06000004,RTD,Open
THE PRINCESS ALEXANDRA HOSPITAL NHS TRUST,E07000095,RQW,Open
THE PRINCESS ALEXANDRA HOSPITAL NHS TRUST,E07000242,RQW,Open
THE PRINCESS ALEXANDRA HOSPITAL NHS TRUST,E07000073,RQW,Open
THE PRINCESS ALEXANDRA HOSPITAL NHS TRUST,E07000072,RQW,Open
"THE QUEEN ELIZABETH HOSPITAL, KING'S LYNN, NHS FOUNDATION TRUST",E07000143,RCX,Open
"THE QUEEN ELIZABETH HOSPITAL, KING'S LYNN, NHS FOUNDATION TRUST",E06000031,RCX,Open
"THE QUEEN ELIZABETH HOSPITAL, KING'S LYNN, NHS FOUNDATION TRUST",E07000149,RCX,Open
"THE QUEEN ELIZABETH HOSPITAL, KING'S LYNN, NHS FOUNDATION TRUST",E07000010,RCX,Open
"THE QUEEN ELIZABETH HOSPITAL, KING'S LYNN, NHS FOUNDATION TRUST",E07000146,RCX,Open
THE ROTHERHAM NHS FOUNDATION TRUST,E08000018,RFR,Open
THE ROTHERHAM NHS FOUNDATION TRUST,E08000017,RFR,Open
THE ROTHERHAM NHS FOUNDATION TRUST,E06000016,RFR,Open
THE ROYAL BOURNEMOUTH AND CHRISTCHURCH HOSPITALS NHS FOUNDATION TRUST,E06000059,RDZ,Closed
THE ROYAL BOURNEMOUTH AND CHRISTCHURCH HOSPITALS NHS FOUNDATION TRUST,E06000058,RDZ,Closed
THE ROYAL BOURNEMOUTH AND CHRISTCHURCH HOSPITALS NHS FOUNDATION TRUST,E07000091,RDZ,Closed
THE ROYAL MARSDEN NHS FOUNDATION TRUST,E09000021,RPY,Open
THE ROYAL MARSDEN NHS FOUNDATION TRUST,E09000020,RPY,Open
THE ROYAL MARSDEN NHS FOUNDATION TRUST,E09000029,RPY,Open
THE ROYAL ORTHOPAEDIC HOSPITAL NHS FOUNDATION TRUST,E07000238,RRJ,Open
THE ROYAL ORTHOPAEDIC HOSPITAL NHS FOUNDATION TRUST,E08000025,RRJ,Open
THE ROYAL ORTHOPAEDIC HOSPITAL NHS FOUNDATION TRUST,E08000029,RRJ,Open
THE ROYAL WOLVERHAMPTON NHS TRUST,E07000192,RL4,Open
THE ROYAL WOLVERHAMPTON NHS TRUST,E08000031,RL4,Open
THE ROYAL WOLVERHAMPTON NHS TRUST,E07000197,RL4,Open
THE ROYAL WOLVERHAMPTON NHS TRUST,E08000030,RL4,Open
THE WALTON CENTRE NHS FOUNDATION TRUST,E08000015,RET,Open
THE WALTON CENTRE NHS FOUNDATION TRUST,E08000012,RET,Open
THE WALTON CENTRE NHS FOUNDATION TRUST,E06000050,RET,Open
THE WALTON CENTRE NHS FOUNDATION TRUST,E06000006,RET,Open
THE WALTON CENTRE NHS FOUNDATION TRUST,E08000014,RET,Open
THE WALTON CENTRE NHS FOUNDATION TRUST,E08000013,RET,Open
THE WALTON CENTRE NHS FOUNDATION TRUST,E08000011,RET,Open
TORBAY AND SOUTH DEVON NHS FOUNDATION TRUST,E07000045,RA9,Open
TORBAY AND SOUTH DEVON NHS FOUNDATION TRUST,E07000046,RA9,Open
TORBAY AND SOUTH DEVON NHS FOUNDATION TRUST,E06000027,RA9,Open
TORBAY AND SOUTH DEVON NHS FOUNDATION TRUST,E07000042,RA9,Open
TORBAY AND SOUTH DEVON NHS FOUNDATION TRUST,E07000040,RA9,Open
TORBAY AND SOUTH DEVON NHS FOUNDATION TRUST,E07000047,RA9,Open
TORBAY AND SOUTH DEVON NHS FOUNDATION TRUST,E07000044,RA9,Open
UNITED LINCOLNSHIRE HOSPITALS NHS TRUST,E07000137,RWD,Open
UNITED LINCOLNSHIRE HOSPITALS NHS TRUST,E07000141,RWD,Open
UNITED LINCOLNSHIRE HOSPITALS NHS TRUST,E07000142,RWD,Open
UNITED LINCOLNSHIRE HOSPITALS NHS TRUST,E07000138,RWD,Open
UNITED LINCOLNSHIRE HOSPITALS NHS TRUST,E07000136,RWD,Open
UNITED LINCOLNSHIRE HOSPITALS NHS TRUST,E07000140,RWD,Open
UNIVERSITY COLLEGE LONDON HOSPITALS NHS FOUNDATION TRUST,E09000007,RRV,Open
UNIVERSITY COLLEGE LONDON HOSPITALS NHS FOUNDATION TRUST,E09000033,RRV,Open
UNIVERSITY HOSPITALS OF DERBY AND BURTON NHS FOUNDATION TRUST,E07000037,RTG,Open
UNIVERSITY HOSPITALS OF DERBY AND BURTON NHS FOUNDATION TRUST,E07000170,RTG,Open
UNIVERSITY HOSPITALS OF DERBY AND BURTON NHS FOUNDATION TRUST,E06000015,RTG,Open
UNIVERSITY HOSPITALS OF DERBY AND BURTON NHS FOUNDATION TRUST,E07000193,RTG,Open
UNIVERSITY HOSPITALS OF DERBY AND BURTON NHS FOUNDATION TRUST,E07000194,RTG,Open
UNIVERSITY HOSPITAL SOUTHAMPTON NHS FOUNDATION TRUST,E07000094,RHM,Open
UNIVERSITY HOSPITAL SOUTHAMPTON NHS FOUNDATION TRUST,E06000058,RHM,Open
UNIVERSITY HOSPITAL SOUTHAMPTON NHS FOUNDATION TRUST,E07000086,RHM,Open
UNIVERSITY HOSPITAL SOUTHAMPTON NHS FOUNDATION TRUST,E06000045,RHM,Open
UNIVERSITY HOSPITALS BIRMINGHAM NHS FOUNDATION TRUST,E08000025,RRK,Open
UNIVERSITY HOSPITALS BIRMINGHAM NHS FOUNDATION TRUST,E08000029,RRK,Open
UNIVERSITY HOSPITALS BRISTOL AND WESTON NHS FOUNDATION TRUST,E06000023,RA7,Open
UNIVERSITY HOSPITALS BRISTOL AND WESTON NHS FOUNDATION TRUST,E06000024,RA7,Open
UNIVERSITY HOSPITALS BRISTOL AND WESTON NHS FOUNDATION TRUST,E06000025,RA7,Open
UNIVERSITY HOSPITALS COVENTRY AND WARWICKSHIRE NHS TRUST,E07000219,RKB,Open
UNIVERSITY HOSPITALS COVENTRY AND WARWICKSHIRE NHS TRUST,E07000220,RKB,Open
UNIVERSITY HOSPITALS COVENTRY AND WARWICKSHIRE NHS TRUST,E07000222,RKB,Open
UNIVERSITY HOSPITALS COVENTRY AND WARWICKSHIRE NHS TRUST,E08000026,RKB,Open
UNIVERSITY HOSPITALS COVENTRY AND WARWICKSHIRE NHS TRUST,E07000153,RKB,Open
UNIVERSITY HOSPITALS COVENTRY AND WARWICKSHIRE NHS TRUST,E07000237,RKB,Open
UNIVERSITY HOSPITALS DORSET NHS FOUNDATION TRUST,E06000058,R0D,Open
UNIVERSITY HOSPITALS DORSET NHS FOUNDATION TRUST,E06000059,R0D,Open
UNIVERSITY HOSPITALS DORSET NHS FOUNDATION TRUST,E07000091,R0D,Open
UNIVERSITY HOSPITALS OF LEICESTER NHS TRUST,E07000134,RWE,Open
UNIVERSITY HOSPITALS OF LEICESTER NHS TRUST,E07000131,RWE,Open
UNIVERSITY HOSPITALS OF LEICESTER NHS TRUST,E06000016,RWE,Open
UNIVERSITY HOSPITALS OF LEICESTER NHS TRUST,E07000132,RWE,Open
UNIVERSITY HOSPITALS OF LEICESTER NHS TRUST,E07000130,RWE,Open
UNIVERSITY HOSPITALS OF LEICESTER NHS TRUST,E07000133,RWE,Open
UNIVERSITY HOSPITALS OF LEICESTER NHS TRUST,E07000154,RWE,Open
UNIVERSITY HOSPITALS OF LEICESTER NHS TRUST,E06000017,RWE,Open
UNIVERSITY HOSPITALS OF LEICESTER NHS TRUST,E07000135,RWE,Open
UNIVERSITY HOSPITALS OF MORECAMBE BAY NHS FOUNDATION TRUST,E07000027,RTX,Open
UNIVERSITY HOSPITALS OF MORECAMBE BAY NHS FOUNDATION TRUST,E07000121,RTX,Open
UNIVERSITY HOSPITALS OF MORECAMBE BAY NHS FOUNDATION TRUST,E07000031,RTX,Open
UNIVERSITY HOSPITALS OF NORTH MIDLANDS NHS TRUST,E07000197,RJE,Open
UNIVERSITY HOSPITALS OF NORTH MIDLANDS NHS TRUST,E06000021,RJE,Open
UNIVERSITY HOSPITALS PLYMOUTH NHS TRUST,E06000026,RK9,Open
UNIVERSITY HOSPITALS PLYMOUTH NHS TRUST,E06000052,RK9,Open
UNIVERSITY HOSPITALS PLYMOUTH NHS TRUST,E07000043,RK9,Open
UNIVERSITY HOSPITALS PLYMOUTH NHS TRUST,E07000047,RK9,Open
UNIVERSITY HOSPITALS PLYMOUTH NHS TRUST,E07000041,RK9,Open
UNIVERSITY HOSPITALS PLYMOUTH NHS TRUST,E07000044,RK9,Open
UNIVERSITY HOSPITALS PLYMOUTH NHS TRUST,E07000189,RK9,Open
UNIVERSITY HOSPITALS PLYMOUTH NHS TRUST,E09000029,RK9,Open
UNIVERSITY HOSPITALS PLYMOUTH NHS TRUST,E06000027,RK9,Open
WALSALL HEALTHCARE NHS TRUST,E08000025,RBK,Open
WALSALL HEALTHCARE NHS TRUST,E07000192,RBK,Open
WALSALL HEALTHCARE NHS TRUST,E08000030,RBK,Open
WALSALL HEALTHCARE NHS TRUST,E08000027,RBK,Open
WALSALL HEALTHCARE NHS TRUST,E07000194,RBK,Open
WALSALL HEALTHCARE NHS TRUST,E08000029,RBK,Open
WARRINGTON AND HALTON TEACHING HOSPITALS NHS FOUNDATION TRUST,E08000009,RWW,Open
WARRINGTON AND HALTON TEACHING HOSPITALS NHS FOUNDATION TRUST,E06000006,RWW,Open
WARRINGTON AND HALTON TEACHING HOSPITALS NHS FOUNDATION TRUST,E08000013,RWW,Open
WARRINGTON AND HALTON TEACHING HOSPITALS NHS FOUNDATION TRUST,E06000007,RWW,Open
WARRINGTON AND HALTON TEACHING HOSPITALS NHS FOUNDATION TRUST,E08000012,RWW,Open
WARRINGTON AND HALTON TEACHING HOSPITALS NHS FOUNDATION TRUST,E08000011,RWW,Open
WEST HERTFORDSHIRE HOSPITALS NHS TRUST,E07000096,RWG,Open
WEST HERTFORDSHIRE HOSPITALS NHS TRUST,E07000098,RWG,Open
WEST HERTFORDSHIRE HOSPITALS NHS TRUST,E07000240,RWG,Open
WEST HERTFORDSHIRE HOSPITALS NHS TRUST,E07000103,RWG,Open
WEST HERTFORDSHIRE HOSPITALS NHS TRUST,E07000102,RWG,Open
WEST SUFFOLK NHS FOUNDATION TRUST,E07000244,RGR,Open
WEST SUFFOLK NHS FOUNDATION TRUST,E07000202,RGR,Open
WEST SUFFOLK NHS FOUNDATION TRUST,E07000245,RGR,Open
WESTERN SUSSEX HOSPITALS NHS FOUNDATION TRUST,E07000224,RYR,Open
WESTERN SUSSEX HOSPITALS NHS FOUNDATION TRUST,E07000226,RYR,Open
WESTERN SUSSEX HOSPITALS NHS FOUNDATION TRUST,E07000229,RYR,Open
WESTERN SUSSEX HOSPITALS NHS FOUNDATION TRUST,E07000227,RYR,Open
WESTERN SUSSEX HOSPITALS NHS FOUNDATION TRUST,E07000225,RYR,Open
WESTERN SUSSEX HOSPITALS NHS FOUNDATION TRUST,E06000044,RYR,Open
WESTERN SUSSEX HOSPITALS NHS FOUNDATION TRUST,E07000223,RYR,Open
WHITTINGTON HEALTH NHS TRUST,E09000014,RKE,Open
WHITTINGTON HEALTH NHS TRUST,E09000019,RKE,Open
WIRRAL UNIVERSITY TEACHING HOSPITAL NHS FOUNDATION TRUST,E08000015,RBL,Open
WIRRAL UNIVERSITY TEACHING HOSPITAL NHS FOUNDATION TRUST,E06000050,RBL,Open
WORCESTERSHIRE ACUTE HOSPITALS NHS TRUST,E07000236,RWP,Open
WORCESTERSHIRE ACUTE HOSPITALS NHS TRUST,E07000238,RWP,Open
WORCESTERSHIRE ACUTE HOSPITALS NHS TRUST,E06000019,RWP,Open
WORCESTERSHIRE ACUTE HOSPITALS NHS TRUST,E07000239,RWP,Open
WORCESTERSHIRE ACUTE HOSPITALS NHS TRUST,E07000235,RWP,Open
WORCESTERSHIRE ACUTE HOSPITALS NHS TRUST,E07000237,RWP,Open
"WRIGHTINGTON, WIGAN AND LEIGH NHS FOUNDATION TRUST",E08000010,RRF,Open
"WRIGHTINGTON, WIGAN AND LEIGH NHS FOUNDATION TRUST",E07000127,RRF,Open
WYE VALLEY NHS TRUST,E06000019,RLQ,Open
YEOVIL DISTRICT HOSPITAL NHS FOUNDATION TRUST,E07000189,RA4,Open
YEOVIL DISTRICT HOSPITAL NHS FOUNDATION TRUST,E07000187,RA4,Open
YEOVIL DISTRICT HOSPITAL NHS FOUNDATION TRUST,E06000059,RA4,Open
YORK TEACHING HOSPITAL NHS FOUNDATION TRUST,E06000011,RCB,Open
YORK TEACHING HOSPITAL NHS FOUNDATION TRUST,E07000168,RCB,Open
YORK TEACHING HOSPITAL NHS FOUNDATION TRUST,E07000165,RCB,Open
YORK TEACHING HOSPITAL NHS FOUNDATION TRUST,E07000167,RCB,Open
YORK TEACHING HOSPITAL NHS FOUNDATION TRUST,E06000014,RCB,Open
YORK TEACHING HOSPITAL NHS FOUNDATION TRUST,E07000164,RCB,Open
YORK TEACHING HOSPITAL NHS FOUNDATION TRUST,E07000169,RCB,Open
BIRMINGHAM COMMUNITY HEALTHCARE NHS FOUNDATION TRUST,E08000025,RYW,Open
BRIDGEWATER COMMUNITY HEALTHCARE NHS FOUNDATION TRUST,E08000013,RY2,Open
CAMBRIDGESHIRE COMMUNITY SERVICES NHS TRUST,E07000008,RYV,Open
CAMBRIDGESHIRE COMMUNITY SERVICES NHS TRUST,E07000010,RYV,Open
CAMBRIDGESHIRE COMMUNITY SERVICES NHS TRUST,E07000009,RYV,Open
CENTRAL LONDON COMMUNITY HEALTHCARE NHS TRUST,E09000003,RYX,Open
CENTRAL LONDON COMMUNITY HEALTHCARE NHS TRUST,E07000242,RYX,Open
CENTRAL LONDON COMMUNITY HEALTHCARE NHS TRUST,E07000103,RYX,Open
DERBYSHIRE COMMUNITY HEALTH SERVICES NHS FOUNDATION TRUST,E07000038,RY8,Open
DERBYSHIRE COMMUNITY HEALTH SERVICES NHS FOUNDATION TRUST,E07000032,RY8,Open
DERBYSHIRE COMMUNITY HEALTH SERVICES NHS FOUNDATION TRUST,E07000033,RY8,Open
DERBYSHIRE COMMUNITY HEALTH SERVICES NHS FOUNDATION TRUST,E07000037,RY8,Open
DERBYSHIRE COMMUNITY HEALTH SERVICES NHS FOUNDATION TRUST,E07000036,RY8,Open
DERBYSHIRE COMMUNITY HEALTH SERVICES NHS FOUNDATION TRUST,E06000015,RY8,Open
DERBYSHIRE COMMUNITY HEALTH SERVICES NHS FOUNDATION TRUST,E07000035,RY8,Open
DERBYSHIRE COMMUNITY HEALTH SERVICES NHS FOUNDATION TRUST,E07000133,RY8,Open
DERBYSHIRE COMMUNITY HEALTH SERVICES NHS FOUNDATION TRUST,E07000034,RY8,Open
GLOUCESTERSHIRE CARE SERVICES NHS TRUST,E07000079,R1J,Closed
GLOUCESTERSHIRE CARE SERVICES NHS TRUST,E07000080,R1J,Closed
GLOUCESTERSHIRE CARE SERVICES NHS TRUST,E07000081,R1J,Closed
GLOUCESTERSHIRE CARE SERVICES NHS TRUST,E07000082,R1J,Closed
GLOUCESTERSHIRE CARE SERVICES NHS TRUST,E07000083,R1J,Closed
HERTFORDSHIRE COMMUNITY NHS TRUST,E07000095,RY4,Open
HERTFORDSHIRE COMMUNITY NHS TRUST,E07000240,RY4,Open
HERTFORDSHIRE COMMUNITY NHS TRUST,E07000096,RY4,Open
HERTFORDSHIRE COMMUNITY NHS TRUST,E07000242,RY4,Open
HERTFORDSHIRE COMMUNITY NHS TRUST,E07000243,RY4,Open
HERTFORDSHIRE COMMUNITY NHS TRUST,E07000098,RY4,Open
HERTFORDSHIRE COMMUNITY NHS TRUST,E07000241,RY4,Open
HERTFORDSHIRE COMMUNITY NHS TRUST,E07000099,RY4,Open
HERTFORDSHIRE COMMUNITY NHS TRUST,E07000103,RY4,Open
HOUNSLOW AND RICHMOND COMMUNITY HEALTHCARE NHS TRUST,E09000027,RY9,Open
KENT COMMUNITY HEALTH NHS FOUNDATION TRUST,E07000111,RYY,Open
KENT COMMUNITY HEALTH NHS FOUNDATION TRUST,E07000113,RYY,Open
KENT COMMUNITY HEALTH NHS FOUNDATION TRUST,E07000109,RYY,Open
KENT COMMUNITY HEALTH NHS FOUNDATION TRUST,E07000116,RYY,Open
KENT COMMUNITY HEALTH NHS FOUNDATION TRUST,E07000106,RYY,Open
KENT COMMUNITY HEALTH NHS FOUNDATION TRUST,E07000107,RYY,Open
KENT COMMUNITY HEALTH NHS FOUNDATION TRUST,E07000112,RYY,Open
KENT COMMUNITY HEALTH NHS FOUNDATION TRUST,E07000115,RYY,Open
KENT COMMUNITY HEALTH NHS FOUNDATION TRUST,E07000108,RYY,Open
LEEDS COMMUNITY HEALTHCARE NHS TRUST,E08000035,RY6,Open
LINCOLNSHIRE COMMUNITY HEALTH SERVICES NHS TRUST,E07000137,RY5,Open
LINCOLNSHIRE COMMUNITY HEALTH SERVICES NHS TRUST,E06000012,RY5,Open
LINCOLNSHIRE COMMUNITY HEALTH SERVICES NHS TRUST,E07000141,RY5,Open
LINCOLNSHIRE COMMUNITY HEALTH SERVICES NHS TRUST,E07000142,RY5,Open
LINCOLNSHIRE COMMUNITY HEALTH SERVICES NHS TRUST,E07000140,RY5,Open
LINCOLNSHIRE COMMUNITY HEALTH SERVICES NHS TRUST,E07000138,RY5,Open
LINCOLNSHIRE COMMUNITY HEALTH SERVICES NHS TRUST,E06000031,RY5,Open
LINCOLNSHIRE COMMUNITY HEALTH SERVICES NHS TRUST,E07000136,RY5,Open
NORFOLK COMMUNITY HEALTH AND CARE NHS TRUST,E07000148,RY3,Open
NORFOLK COMMUNITY HEALTH AND CARE NHS TRUST,E07000147,RY3,Open
NORFOLK COMMUNITY HEALTH AND CARE NHS TRUST,E07000143,RY3,Open
NORFOLK COMMUNITY HEALTH AND CARE NHS TRUST,E07000010,RY3,Open
NORFOLK COMMUNITY HEALTH AND CARE NHS TRUST,E07000144,RY3,Open
NORFOLK COMMUNITY HEALTH AND CARE NHS TRUST,E07000149,RY3,Open
NORFOLK COMMUNITY HEALTH AND CARE NHS TRUST,E07000146,RY3,Open
SHROPSHIRE COMMUNITY HEALTH NHS TRUST,E06000051,R1D,Open
SOUTH WESTERN AMBULANCE SERVICE NHS FOUNDATION TRUST,E07000078,RYF,Open
SOUTH WESTERN AMBULANCE SERVICE NHS FOUNDATION TRUST,E07000079,RYF,Open
SOUTH WESTERN AMBULANCE SERVICE NHS FOUNDATION TRUST,E07000080,RYF,Open
SOUTH WESTERN AMBULANCE SERVICE NHS FOUNDATION TRUST,E07000081,RYF,Open
SOUTH WESTERN AMBULANCE SERVICE NHS FOUNDATION TRUST,E07000082,RYF,Open
SUSSEX COMMUNITY NHS FOUNDATION TRUST,E07000224,RDR,Open
SUSSEX COMMUNITY NHS FOUNDATION TRUST,E06000043,RDR,Open
SUSSEX COMMUNITY NHS FOUNDATION TRUST,E07000226,RDR,Open
SUSSEX COMMUNITY NHS FOUNDATION TRUST,E07000065,RDR,Open
SUSSEX COMMUNITY NHS FOUNDATION TRUST,E07000227,RDR,Open
SUSSEX COMMUNITY NHS FOUNDATION TRUST,E07000063,RDR,Open
SUSSEX COMMUNITY NHS FOUNDATION TRUST,E07000225,RDR,Open
YORKSHIRE AMBULANCE SERVICE NHS TRUST,E08000036,RX8,Open
